title,slug,primary_keyword,meta_description,audience
Aging in Place,/aging-in-place/,AI for aging in place,"See how Jude helps older adults stay independent at home with daily support, family connection, safety check-ins, and simple wall-mounted AI.","Adult children, seniors, caregivers"
Medication Reminders,/medication-reminders/,AI medication reminders for seniors,"Jude helps seniors remember medications, confirm doses, track refills, and keep caregivers informed when routines are missed.",Families managing parent medications
Fall Prevention and Emergency Help,/fall-prevention-and-emergency-help/,fall prevention AI for seniors,"Explore how Jude supports safer movement, emergency voice help, nighttime lighting, fall-risk routines, and family alerts for seniors at home.",Families worried about falls
Smart Home Control,/smart-home-control/,smart home assistant for elderly,"Jude makes smart home technology easier for seniors with voice control for lights, locks, thermostat, cameras, reminders, and safety routines.",Seniors and families simplifying smart homes
Family Connection,/family-connection/,AI companion for elderly family connection,"Jude helps seniors stay close to family with video calls, photo sharing, voice messages, shared calendars, and simple family check-ins.",Families wanting more connection
Caregiver Peace of Mind,/caregiver-peace-of-mind/,caregiver peace of mind technology,"Jude gives families and caregivers better daily visibility with check-ins, routine updates, missed-reminder alerts, and simple care coordination.",Adult children and care teams
Dementia and Memory Support,/dementia-and-memory-support/,AI memory support for seniors,"Jude supports seniors with memory loss through orientation prompts, repeated-question support, routine reminders, reassurance, and family alerts.",Families supporting memory decline
Health Check-Ins,/health-check-ins/,senior health check in AI,"Jude can support daily health check-ins for pain, sleep, hydration, appetite, mood, dizziness, movement, and symptom trends.",Families tracking daily wellness
Chronic Condition Support,/chronic-condition-support/,AI support for senior chronic conditions,"Jude helps seniors manage daily routines around blood pressure, diabetes, heart health, COPD, arthritis, mobility, and recovery support.",Families managing chronic care routines
Nutrition and Hydration,/nutrition-and-hydration/,nutrition reminders for elderly,"Jude supports healthier daily routines with meal reminders, hydration prompts, grocery lists, simple recipes, and family visibility around skipped meals.",Families worried about eating and drinking
Sleep and Nighttime Support,/sleep-and-nighttime-support/,nighttime support for seniors at home,"Jude helps seniors feel safer at night with bedtime routines, soft lighting, lock checks, calming audio, and nighttime caregiver alerts.",Families worried about nighttime safety
Companionship and Loneliness,/companionship-and-loneliness/,AI companion for elderly loneliness,"Jude helps reduce loneliness with conversation, music, memories, family messages, jokes, stories, daily greetings, and emotional check-ins.",Families worried about isolation
Telehealth and Doctor Visits,/telehealth-and-doctor-visits/,telehealth support for elderly,"Jude helps seniors prepare for doctor visits, join telehealth appointments, remember care instructions, and share health summaries with family.",Families coordinating healthcare
Home Safety and Security,/home-safety-and-security/,home safety technology for seniors,"Jude supports home safety with door checks, lock reminders, smoke and carbon monoxide alerts, doorbell cameras, water leak alerts, and emergency contacts.",Families securing senior homes
Fraud and Scam Protection,/fraud-and-scam-protection/,scam protection for seniors AI,"Jude can help seniors slow down suspicious calls, texts, emails, payment requests, and common scams by encouraging family confirmation.",Families worried about elder scams
Daily Routines,/daily-routines/,daily routine assistant for seniors,"Jude helps seniors move through the day with morning, meal, medication, appointment, chore, pet care, and bedtime routines.",Seniors needing daily structure
Transportation and Appointments,/transportation-and-appointments/,appointment reminders for elderly transportation,"Jude helps seniors remember appointments, know when to leave, coordinate rides, prepare questions, and notify family when transportation is needed.",Families coordinating rides and appointments
Remote Patient Monitoring,/remote-patient-monitoring/,remote patient monitoring for seniors at home,"Jude can support remote patient monitoring by helping seniors collect readings, remember checks, and share trends with caregivers or providers.",Care teams and families
Home Maintenance,/home-maintenance/,home maintenance reminders for seniors,"Jude helps seniors and families stay ahead of household tasks like filters, batteries, trash day, leaks, bills, mail, and appliance reminders.",Families managing home upkeep
Spiritual and Community Life,/spiritual-and-community-life/,senior community connection assistant,"Jude helps seniors stay connected to church, community events, hobbies, friends, local programs, and meaningful routines.",Seniors and families valuing community
Pet Care Support,/pet-care-support/,pet care reminders for elderly,"Jude helps seniors care for pets with feeding reminders, walking prompts, medication schedules, vet appointments, and family updates.",Pet-loving seniors and families
Design and Wall-Mounted Benefits,/design-and-wall-mounted-benefits/,wall mounted AI for seniors,"Why Jude is wall-mounted: always visible, always powered, easy to read, hard to misplace, voice-first, and designed to blend into the home.",Buyers comparing devices
Entertainment and Happiness,/entertainment-and-happiness/,elderly entertainment AI companion,"Jude brings joy into the day with music, stories, radio, games, audiobooks, jokes, family photos, and personalized greetings.",Families improving quality of life
Privacy and Trust,/privacy-and-trust/,private AI assistant for seniors,"Jude should be built around trust, consent, approved contacts, clear privacy settings, meaningful alerts, and respectful support for seniors.",Families concerned about privacy
The Family Dashboard,/the-family-dashboard/,family dashboard for elderly care,"Jude’s family dashboard can help adult children view reminders, check-ins, appointments, caregiver notes, alerts, and daily routines in one place.",Adult children managing care
Why Jude Is Different,/why-jude-is-different/,best AI companion for seniors at home,"Jude combines a wall-mounted screen, AI companionship, smart home control, health routines, family connection, and caregiver peace of mind.",Buyers comparing alternatives
Voice Assistant for Elderly Parents,/voice-assistant-for-elderly-parents/,voice assistant for elderly parents,"Jude gives elderly parents a simple voice-first way to ask for help, call family, manage routines, and control the home from a wall-mounted screen.",Adult children buying for parents
AI for Elderly Living Alone,/ai-for-elderly-living-alone/,AI for elderly living alone,"Jude supports elderly people living alone with daily check-ins, safety reminders, family calls, emergency help, routines, and companionship.",Families of seniors living alone
Senior-Friendly Technology,/senior-friendly-technology/,senior friendly technology for home,"Jude makes technology senior-friendly with a wall-mounted screen, voice-first controls, large text, simple routines, and warm family-centered design.",Technology-hesitant seniors and families
Home Benefits,/home-benefits/,AI home assistant for seniors,"Explore Jude’s home benefits for seniors, including smart home control, safety routines, door checks, lighting, home maintenance, and daily reminders.","Seniors, adult children, caregivers"
Health Benefits,/health-benefits/,AI health assistant for seniors,"Jude supports senior health routines with medication reminders, hydration, meals, symptom notes, chronic condition routines, telehealth, and caregiver updates.",Families supporting senior health routines
Happiness Benefits,/happiness-benefits/,AI companion for elderly happiness,"Jude supports senior happiness through family connection, music, memories, photos, hobbies, community reminders, conversation, and companionship.",Families focused on quality of life
Family Benefits,/family-benefits/,elderly care AI for families,"Jude helps families care for elderly parents with peace of mind, daily summaries, missed routine alerts, caregiver notes, emergency escalation, and shared calendars.",Adult children and family caregivers
Emergency Response,/emergency-response/,emergency response for seniors at home,"Jude can help seniors ask for emergency help by voice, contact approved family members, escalate urgent situations, and support safer response at home.",Families worried about emergencies
Communication Benefits,/communication-benefits/,communication assistant for elderly,"Jude helps elderly adults communicate with family, caregivers, doctors, friends, and neighbors using voice calls, video calls, messages, and shared updates.",Seniors and families
Mobility and Exercise Support,/mobility-and-exercise-support/,mobility reminders for seniors,"Jude supports senior mobility with gentle movement reminders, chair exercises, stretching prompts, walker reminders, balance routines, and fall-risk support.",Families supporting mobility
Reading and Technology Help,/reading-and-technology-help/,technology help for elderly at home,"Jude helps seniors read messages, understand alerts, magnify text, explain forms, spot suspicious messages, and use technology in plain English.",Technology-hesitant seniors
